headline,reference
Greetings to Seychellois President,AR0126295
Venezuelan City's Highest Order Awarded to Supreme Leader Kim Jong Un,AR0126287
Xi Jinping to Visit DPRK,AR0126286
Kim Jae Ryong Inspects Tokchon Area Coal-Mining Complex,AR0126281
Double-Dealing Tactics Will Never Work: KCNA Commentary,AR0126277
Central Election Guidance Committee Formed in DPRK,AR0126169
Congratulations to President of Kazakhstan,AR0126127
Greetings to Philippine President,AR0126118
"KCNA Commentary Rebukes Japan's Attachment to ""Flag of Rising Sun Shedding Rays""",AR0126117
DPRK Premier Inspects Several Units,AR0126091
Results of AFC Cup,AR0126353
Results of 2018-2019 DPRK Premier Football League (14),AR0126278
Road Relay Held in DPRK,AR0126227
Results of 2018-2019 DPRK Women's Premier Football League (12),AR0126226
Results of 2018-2019 DPRK Premier Football League (13),AR0126058
Pyongyang International Sci-Tech Exhibition of Health and Medical Appliances Opens,AR0126283
Fictions and Models - 2019 Held,AR0125978
Tour by Super-light Planes Popular in DPRK,AR0124762
MOU Signed between DPRK and Russia,AR0122941
Masikryong Ski Resort,AR0121949
Tour of Historical Sites in Kangso Area Begins,AR0121709
Scenic Mt Kumgang of Korea,AR0120090
Art Performance Given to Celebrate KCU Founding Anniversary,AR0125945
National Art Exhibition Opens,AR0126318
Piano Concert Held by Students of Kim Won Gyun University of Music,AR0126163
"""Unbangul""-trademarked Musical Instruments Popular in DPRK",AR0126072
Supreme Leader Kim Jong Un Sends Condolatory Message to Bereaved Families of Ri Hui Ho,AR0126135
"Supreme Leader Kim Jong Un Sends Condolatory Message and Wreath to Bereaved Families of Ri Hui Ho, Wife of S. Korean Ex-President Kim Dae Jung",AR0126134
Supreme Leader Kim Jong Un Sends Greetings to President of Russian Federation,AR0126098
Supreme Leader Kim Jong Un Has Photo Session with Members of Art Groups of KPA Officers' Wives,AR0125886
Supreme Leader Kim Jong Un Congratulates Raul Castro Ruz,AR0125876
Grand Mass Gymnastics and Artistic Performance Opens,AR0125857
Results of AFC Cup,AR0126353
Russian Orthodox Church Delegation Leaves,AR0126351
"Floral Baskets Laid at Statues of President Kim Il Sung, Chairman Kim Jong Il",AR0126350
Delegation of Journalists Union of Korea Leaves for China,AR0126349
Korean Socialism Strong in Juche Character and National Character,AR0126339
"Mt Jongbang, Recreation Ground for People",AR0126310
Chairman Kim Jong Il and WPK,AR0126338
Chairman Kim Jong Il's Feats for Party Building,AR0126335
Press Review,AR0126325
Japan's Policy Hostile to DPRK under Fire,AR0126324
Chairman Kim Jong Il's Leadership Exploits for Building Juche-oriented Party Will Be Everlasting: Rodong Sinmun,AR0126322
Ideological Work Is Core Affair for Accomplishing Socialism: Rodong Sinmun,AR0126321
Pyongyang Teacher Training College,AR0126320
Solidarity with Korean People Called for,AR0126317
Chairman Kim Jong Il Lauded Abroad,AR0126316
Annual General Meeting of Paektusan Czech-Korean Friendship Association Held,AR0126315
National Art Exhibition Opens,AR0126318
DPRK Red Cross Society,AR0126284
National Seminar Held,AR0126314
"Delegation of Koreans in Japan Pay Tribute to Statues of President Kim Il Sung, Chairman Kim Jong Il",AR0126313
Scientific Achievements Conducive to Environment Protection,AR0126297
Big Efforts Paid to Securing Coal Deposits in DPRK,AR0126296
Greetings to Seychellois President,AR0126295
"Rodong Sinmun Calls for Preserving Juche Character, National Character of Revolution and Construction",AR0126293
Press Review,AR0126292
Central Zoo,AR0126291
DPRK-U.S. Joint Statement Supported by Personages of Russia and Algeria,AR0126290
President Kim Il Sung to Be Remembered in Kuwait,AR0126289
President Kim Il Sung to Be Remembered in Syria,AR0126288
Venezuelan City's Highest Order Awarded to Supreme Leader Kim Jong Un,AR0126287
Chief of Pyongyang Mission of AINDF Vows to Thoroughly Implement June 15 Joint Declaration,AR0126233
"Bringing about Heyday of Peace, Prosperity and Reunification Called for",AR0126222
National Reunification Institute Issues Detailed Report on Struggle to Dissolve LKP,AR0125917
CPRC Reunification and Agitation Department Exposes Sordid Nature of LKP,AR0125557
KCNA Commentary on Self-destructive Acts of S. Korean Conservatives,AR0125472
"C.C., AINDF Calls for Unity to Eliminate Evil-doing Conservative Forces",AR0125350
"KCNA Commentary on LKP's ""North Wind"" Farce in South Korea",AR0125232
Russian Orthodox Church Delegation Leaves,AR0126351
Delegation of Journalists Union of Korea Leaves for China,AR0126349
Solidarity with Korean People Called for,AR0126317
Chairman Kim Jong Il Lauded Abroad,AR0126316
Annual General Meeting of Paektusan Czech-Korean Friendship Association Held,AR0126315
DPRK Red Cross Society,AR0126284
Greetings to Seychellois President,AR0126295
DPRK-U.S. Joint Statement Supported by Personages of Russia and Algeria,AR0126290
Results of AFC Cup,AR0126353
Solidarity with Korean People Called for,AR0126317
Annual General Meeting of Paektusan Czech-Korean Friendship Association Held,AR0126315
President Kim Il Sung to Be Remembered in Kuwait,AR0126289
Venezuelan City's Highest Order Awarded to Supreme Leader Kim Jong Un,AR0126287
DPRK-U.S. Joint Statement Supported by Personages of Jordan and Angola,AR0126257
Chairman Kim Jong Il Lauded Abroad,AR0126316
DPRK-U.S. Joint Statement Supported by Personages of Russia and Algeria,AR0126290
President Kim Il Sung to Be Remembered in Syria,AR0126288
President Kim Il Sung to Be Remembered in DR Congo,AR0126258
President Kim Il Sung to Be Remembered in Pakistan,AR0126256
"Bringing about Heyday of Peace, Prosperity and Reunification Called for",AR0126222
National Reunification Institute Issues Detailed Report on Struggle to Dissolve LKP,AR0125917
Fate of DPRK-U.S. Joint Statement: Spokesperson for Ministry of Foreign Affairs of DPRK,AR0125884
"Use of Strength Is Not at All Monopoly of U.S.: Policy Research Director of Institute for American Studies, FM of DPRK",AR0125701
CPRC Reunification and Agitation Department Exposes Sordid Nature of LKP,AR0125557
"C.C., AINDF Calls for Unity to Eliminate Evil-doing Conservative Forces",AR0125350
Workers in North and South Call for Implementing North-South Declarations,AR0124795
Press Review,AR0126325
Japan's Policy Hostile to DPRK under Fire,AR0126324
Chairman Kim Jong Il's Leadership Exploits for Building Juche-oriented Party Will Be Everlasting: Rodong Sinmun,AR0126322
Ideological Work Is Core Affair for Accomplishing Socialism: Rodong Sinmun,AR0126321
"Rodong Sinmun Calls for Preserving Juche Character, National Character of Revolution and Construction",AR0126293
Press Review,AR0126292
Review of Rodong Sinmun,AR0126262
Struggle for Uprooting Deep-Seated Evils Called for in S. Korea,AR0126155
S. Korean Newspaper Sneers at LKP,AR0126025
Struggle for Uprooting Deep-Seated Evils Called for,AR0125877
South Korean Students' Group for Studying Supreme Leader Kim Jong Un to Publish Study Results,AR0125732
Overseas Koreans Call for Setting Up Special Team for Inquiry into Sewol Disaster,AR0125726
Traitor Hwang Kyo An Gets Cold Reception,AR0125725
DPRK's Citizens' Favorite Songs Introduced by S. Korean Newspaper,AR0125707
